CREATE TABLE Person (
   Pnr    INTEGER NOT NULL,
   Navn   VARCHAR(30),
   CONSTRAINT Person_PK PRIMARY KEY (Pnr));

CREATE TABLE Hund (
   Regnr    INTEGER NOT NULL,
   Navn     VARCHAR(30),
   Rase     VARCHAR(30),
   Faar     INTEGER,
   EierPnr INTEGER NOT NULL,
   CONSTRAINT Hund_PK PRIMARY KEY (Regnr),
   CONSTRAINT Hund_FK FOREIGN KEY (EierPnr) REFERENCES Person(Pnr)
      ON UPDATE CASCADE
      ON DELETE NO ACTION);

CREATE TABLE BittAv (
   Pnr    INTEGER NOT NULL,
   Regnr  INTEGER NOT NULL,
   Antall INTEGER DEFAULT 0,
   CONSTRAINT BittAv_PK PRIMARY Key (Pnr, Regnr),
   CONSTRAINT BittAV_FK1 FOREIGN KEY (Pnr) REFERENCES Person(Pnr)
       ON UPDATE CASCADE
       ON DELETE CASCADE,
   CONSTRAINT BittAV_FK2 FOREIGN KEY (Regnr) REFERENCES Hund(Regnr)
       ON UPDATE CASCADE
       ON DELETE CASCADE);

INSERT INTO Person VALUES (1, 'Ola');
INSERT INTO Person VALUES (2, 'Kari');
INSERT INTO Person VALUES (3, 'Per');
INSERT INTO Person VALUES (4, 'Liv');
INSERT INTO Person VALUES (5, 'Nora');
INSERT INTO Person VALUES (6, 'Lukas');

INSERT INTO Hund VALUES (1, 'King', 'Puddel', 2018, 1);
INSERT INTO Hund VALUES (2, 'Pluto', 'Schæfer', 2017, 1);
INSERT INTO Hund VALUES (3, 'Lady', 'Collie', NULL, 2);
INSERT INTO Hund VALUES (4, 'Varg', 'Mops', 2019, 4);
INSERT INTO Hund VALUES (5, 'Bjarne', 'Labrador', 2019, 5);
INSERT INTO Hund VALUES (6, 'Luna', 'Mops', 2020, 1);
INSERT INTO Hund VALUES (7, 'Varg', 'Schæfer', 2019, 6);

INSERT INTO BittAv VALUES (3,1,1);
INSERT INTO BittAv VALUES (3,2,2);
INSERT INTO BittAv VALUES (3,3,1);
INSERT INTO BittAv VALUES (2,2,NULL);
INSERT INTO BittAv VALUES (6,7,2);
INSERT INTO BittAv VALUES (1,7,4);
INSERT INTO BittAv VALUES (5,7,2);
   